,song,artist,date,explicit,uri,popularity,usuario,links,uri_artista
0,Honey,"['Drugdealer', 'Weyes Blood']",2019-04-19,False,spotify:track:1XU6JOnyH8fSW0vzofEMCb,41,Pau,https://open.spotify.com/track/1XU6JOnyH8fSW0vzofEMCb,"['0tMnuEXTeJeHbslcV8OybJ', '3Uqu1mEdkUJxPe7s31n1M9']"
1,Someone To Spend Time With,Los Retros,2019-02-12,False,spotify:track:6SE4JAo7T8C7XkFka5bbga,71,Pau,https://open.spotify.com/track/6SE4JAo7T8C7XkFka5bbga,0qraFJK6boYSp4ZMMX4PzG
2,Avalon,Foxygen,2017-01-20,False,spotify:track:1C2i9IMvzAHJSPvMpOHjIM,31,Pau,https://open.spotify.com/track/1C2i9IMvzAHJSPvMpOHjIM,55LHFEtIplWhsfyWZUwkf4
3,I Wanna Prove to You,The Lemon Twigs,2016-10-14,False,spotify:track:7MFZH5pIxzlL0RH88cJILH,41,Pau,https://open.spotify.com/track/7MFZH5pIxzlL0RH88cJILH,7eYZSXnQVCODCVmTV8Hk2T
4,Amtrak,Los Retros,2021-04-26,False,spotify:track:2MHEBMTdz8POCwewLjO6CO,0,Pau,https://open.spotify.com/track/2MHEBMTdz8POCwewLjO6CO,0qraFJK6boYSp4ZMMX4PzG
5,Homage,Mild High Club,2016-08-26,False,spotify:track:7DcJ6fEBb7BaKuYKTwiDxK,76,Pau,https://open.spotify.com/track/7DcJ6fEBb7BaKuYKTwiDxK,5J81VungUjSVHxlPpTI9KG
6,Not Enough,FUR,2017-08-07,False,spotify:track:5g1GC2fYOXkjv2rV3l0pPQ,0,Pau,https://open.spotify.com/track/5g1GC2fYOXkjv2rV3l0pPQ,0e0z6v7dIm0XM7BgQTtB0a
7,You Don't Know This Guy,Her's,2017-05-12,False,spotify:track:5PxibFPxW06HBPab6KrcPP,48,Pau,https://open.spotify.com/track/5PxibFPxW06HBPab6KrcPP,77mJc3M7ZT5oOVM7gNdXim
8,Streems,The Symposium,2017-04-20,False,spotify:track:6swJpZoCzbqjMb47o7BoVP,46,Pau,https://open.spotify.com/track/6swJpZoCzbqjMb47o7BoVP,2FQgnKHydnhSnRS17BSy28
9,Dionysus,The Buttertones,2014-01-22,False,spotify:track:7wYU1avLwl1Gtkib8OTrZp,49,Pau,https://open.spotify.com/track/7wYU1avLwl1Gtkib8OTrZp,1CMml5seBEaxQzlmaGxMPx
10,Les Estrelles,Manel,2019-10-04,False,spotify:track:4SkF5mpMdLSy2ZHWcoqOPV,31,Pau,https://open.spotify.com/track/4SkF5mpMdLSy2ZHWcoqOPV,40tHhop0T30DwienQBmTxb
11,Misty Morning,Travis Bretzer,2016-09-30,False,spotify:track:5ZaQW8tvH33GVJ0E3sLz2w,59,Pau,https://open.spotify.com/track/5ZaQW8tvH33GVJ0E3sLz2w,2bNoMMVO2QO6vySQvjn50L
12,Red River,The Symposium,2016-03-16,False,spotify:track:4AQp8VkbXMU9gDI9KzwV2l,47,Pau,https://open.spotify.com/track/4AQp8VkbXMU9gDI9KzwV2l,2FQgnKHydnhSnRS17BSy28
13,Better For Me,Fake Laugh,2018-03-23,False,spotify:track:1fPgAlasrmolLvq1vDtkq3,42,Pau,https://open.spotify.com/track/1fPgAlasrmolLvq1vDtkq3,0T9yyggayix1EKjiq3hW2m
14,You Might Be Sleeping,"['Jakob', 'Clairo']",2017-06-16,False,spotify:track:2KvbRojbZGMsWr1Nuj5n2f,65,Pau,https://open.spotify.com/track/2KvbRojbZGMsWr1Nuj5n2f,"['4ub2v80S4RIceZRGnlhjTr', '3l0CmX0FuQjFxr8SK7Vqag']"
15,Wonderful Christmastime - Edited Version / Remastered 2011,Paul McCartney,1980-05-16,False,spotify:track:1SV1fxF65n9NhRHp3KlBuu,81,Elisa,https://open.spotify.com/track/1SV1fxF65n9NhRHp3KlBuu,4STHEaNw4mPZ2tzheohgXB
16,L'exode,Jumo,2020-06-05,False,spotify:track:7r8kxDfdDrbIdHUGUrrShS,45,Ana,https://open.spotify.com/track/7r8kxDfdDrbIdHUGUrrShS,3JpL06DxPRePrKeYaRhKwH
17,Jo competeixo,Manel,2016-04-08,False,spotify:track:5NSR9uH0YeDo67gMiEv13n,31,Pau,https://open.spotify.com/track/5NSR9uH0YeDo67gMiEv13n,40tHhop0T30DwienQBmTxb
18,Waterfalls,TLC,1994-11-15,False,spotify:track:6qspW4YKycviDFjHBOaqUY,72,Ana S,https://open.spotify.com/track/6qspW4YKycviDFjHBOaqUY,0TImkz4nPqjegtVSMZnMRq
19,Kill Bill - Sped Up Version,SZA,2023-01-13,False,spotify:track:2ty6DmPnxVPpEFuB23XM0x,74,Ana S,https://open.spotify.com/track/2ty6DmPnxVPpEFuB23XM0x,7tYKF4w9nC0nq9CsPZTHyP
20,Breathless,Caroline Polachek,2020-12-17,False,spotify:track:179YXh5spiRaUDJihittPG,51,Belén,https://open.spotify.com/track/179YXh5spiRaUDJihittPG,4Ge8xMJNwt6EEXOzVXju9a
21,Flowers,Miley Cyrus,2023-01-13,False,spotify:track:0yLdNVWF3Srea0uzk55zFn,100,Belén,https://open.spotify.com/track/0yLdNVWF3Srea0uzk55zFn,5YGY8feqx7naU7z4HrwZM6
22,Te Dejo Madrid,Shakira,2001-11-13,False,spotify:track:3ToWC9JYSmDIa9yJs0k6PO,56,Amiga de Pau,https://open.spotify.com/track/3ToWC9JYSmDIa9yJs0k6PO,0EmeFodog0BfCgMzAIvKQp
23,Piano Man,Billy Joel,1973-11-07,False,spotify:track:70C4NyhjD5OZUMzvWZ3njJ,75,Jorge,https://open.spotify.com/track/70C4NyhjD5OZUMzvWZ3njJ,6zFYqv1mOsgBRQbae3JJ9e
24,I Want You Back,The Jackson 5,1969-12-18,False,spotify:track:5LxvwujISqiB8vpRYv887S,75,Jorge,https://open.spotify.com/track/5LxvwujISqiB8vpRYv887S,2iE18Oxc8YSumAU232n4rW
25,ABC,The Jackson 5,1970-05-08,False,spotify:track:6D8kc7RO0rqBLSo2YPflJ5,68,Jorge,https://open.spotify.com/track/6D8kc7RO0rqBLSo2YPflJ5,2iE18Oxc8YSumAU232n4rW
26,(Sittin' On) the Dock of the Bay,Otis Redding,1968,False,spotify:track:3zBhihYUHBmGd2bcQIobrF,77,Jorge,https://open.spotify.com/track/3zBhihYUHBmGd2bcQIobrF,60df5JBRRPcnSpsIMxxwQm
27,Stand by Me,Otis Redding,1964,False,spotify:track:1aj4GXfmEYXfdVZohCpNKu,68,Jorge,https://open.spotify.com/track/1aj4GXfmEYXfdVZohCpNKu,60df5JBRRPcnSpsIMxxwQm
28,Brown Eyed Girl,Van Morrison,1967-09,False,spotify:track:3yrSvpt2l1xhsV9Em88Pul,79,Jorge,https://open.spotify.com/track/3yrSvpt2l1xhsV9Em88Pul,44NX2ffIYHr6D4n7RaZF7A
29,Georgia on My Mind,Ray Charles,2021-09-10,False,spotify:track:6yMGxqKj0218mFR5KqsMRq,61,Jorge,https://open.spotify.com/track/6yMGxqKj0218mFR5KqsMRq,1eYhYunlNJlDoQhtYBvPsi
30,I've Got a Woman,Ray Charles,1957-01-01,False,spotify:track:2xar08Fq5xra2KKZs5Bw9j,65,Jorge,https://open.spotify.com/track/2xar08Fq5xra2KKZs5Bw9j,1eYhYunlNJlDoQhtYBvPsi
31,American Pie,Don McLean,1971,False,spotify:track:1fDsrQ23eTAVFElUMaf38X,74,Jorge,https://open.spotify.com/track/1fDsrQ23eTAVFElUMaf38X,1gRNBaI4yn6wCCTvRhGWh8
32,The Sound of Silence - Acoustic Version,Simon & Garfunkel,1964-10-19,False,spotify:track:5y788ya4NvwhBznoDIcXwK,72,Jorge,https://open.spotify.com/track/5y788ya4NvwhBznoDIcXwK,70cRZdQywnSFp9pnc2WTCE
33,Hallelujah,Leonard Cohen,1984-12-11,False,spotify:track:7yzbimr8WVyAtBX3Eg6UL9,63,Jorge,https://open.spotify.com/track/7yzbimr8WVyAtBX3Eg6UL9,5l8VQNuIg0turYE1VtM9zV
34,Father And Son,Yusuf / Cat Stevens,1970-11-23,False,spotify:track:476V2d6iA2tWXgQboKmTtA,72,Jorge,https://open.spotify.com/track/476V2d6iA2tWXgQboKmTtA,08F3Y3SctIlsOEmKd6dnH8
35,Hurt,Johnny Cash,2002-01-01,False,spotify:track:28cnXtME493VX9NOw9cIUh,73,Jorge,https://open.spotify.com/track/28cnXtME493VX9NOw9cIUh,6kACVPfCOnqzgfEF5ryl0x
36,Ring of Fire,Johnny Cash,1963-08-06,False,spotify:track:6YffUZJ2R06kyxyK6onezL,70,Jorge,https://open.spotify.com/track/6YffUZJ2R06kyxyK6onezL,6kACVPfCOnqzgfEF5ryl0x
37,I'm Just a Kid,Simple Plan,2018-04-06,False,spotify:track:6otiaV2fagE3s8IvP6WkwG,70,Jorge,https://open.spotify.com/track/6otiaV2fagE3s8IvP6WkwG,2p4FqHnazRucYQHyDCdBrJ
38,Still Waiting,Sum 41,2002-01-01,True,spotify:track:0jqK7sGTLsHPkQrrcrGuKD,69,Jorge,https://open.spotify.com/track/0jqK7sGTLsHPkQrrcrGuKD,0qT79UgT5tY4yudH9VfsdT
39,In Too Deep,Sum 41,2001-01-01,False,spotify:track:1HNE2PX70ztbEl6MLxrpNL,73,Jorge,https://open.spotify.com/track/1HNE2PX70ztbEl6MLxrpNL,0qT79UgT5tY4yudH9VfsdT
40,The Less I Know The Better,Tame Impala,2015-07-17,True,spotify:track:6K4t31amVTZDgR3sKmwUJJ,83,Sindri,https://open.spotify.com/track/6K4t31amVTZDgR3sKmwUJJ,5INjqkS1o8h1imAzPqGZBb
41,One More Time,Daft Punk,2001-03-12,False,spotify:track:0DiWol3AO6WpXZgp0goxAV,76,Sindri,https://open.spotify.com/track/0DiWol3AO6WpXZgp0goxAV,4tZwfgrHOc3mvqYlEYSvVi
42,"Harder, Better, Faster, Stronger",Daft Punk,2001-03-12,False,spotify:track:5W3cjX2J3tjhG8zb6u0qHn,70,Sindri,https://open.spotify.com/track/5W3cjX2J3tjhG8zb6u0qHn,4tZwfgrHOc3mvqYlEYSvVi
43,Churchyard,AURORA,2018-09-28,False,spotify:track:43nFhoG7Kenn6b5cbKrBu8,50,Sindri,https://open.spotify.com/track/43nFhoG7Kenn6b5cbKrBu8,1WgXqy2Dd70QQOU7Ay074N
44,Queendom,AURORA,2018-09-28,False,spotify:track:3atXfSavxWkrzRNuwzlow6,51,Sindri,https://open.spotify.com/track/3atXfSavxWkrzRNuwzlow6,1WgXqy2Dd70QQOU7Ay074N
45,Hero,Skillet,2009-08-21,False,spotify:track:4CbKVDZkYKdv69I4bCaKUq,71,Sindri,https://open.spotify.com/track/4CbKVDZkYKdv69I4bCaKUq,49bzE5vRBRIota4qeHtQM8
46,Good Goodbye (feat. Pusha T and Stormzy),"['Linkin Park', 'Pusha T', 'Stormzy']",2017-05-19,False,spotify:track:650OeHTLxZAQmb4aEbGmaA,61,Sindri,https://open.spotify.com/track/650OeHTLxZAQmb4aEbGmaA,"['6XyY86QOPPrYVGvF9ch6wz', '0ONHkAv9pCAFxb0zJwDNTy', '2SrSdSvpminqmStGELCSNd']"
47,Battle Symphony,Linkin Park,2017-05-19,False,spotify:track:3FQCJI2t5LTbsRPfYVBSVB,63,Sindri,https://open.spotify.com/track/3FQCJI2t5LTbsRPfYVBSVB,6XyY86QOPPrYVGvF9ch6wz
48,Hit the Floor,Linkin Park,2003-03-24,False,spotify:track:4wHktoSf6C0C0fAO8IIWqs,57,Sindri,https://open.spotify.com/track/4wHktoSf6C0C0fAO8IIWqs,6XyY86QOPPrYVGvF9ch6wz
49,Creatures Lie Here,"['ESV Eastside Villainz', 'ScottFree Music']",2013-01-01,True,spotify:track:75N9pZJD6eeeUCzU9WV2Dt,58,Miriam,https://open.spotify.com/track/75N9pZJD6eeeUCzU9WV2Dt,"['2BE7akSWDVJtvsE4CknHKX', '2Mm5YwY0VsWKT3RPkG3Ely']"
50,Numb / Encore,"['JAY-Z', 'Linkin Park']",2004-11-30,True,spotify:track:5sNESr6pQfIhL3krM8CtZn,77,Miriam,https://open.spotify.com/track/5sNESr6pQfIhL3krM8CtZn,"['3nFkdlSjzX9mRTtwJOzDYB', '6XyY86QOPPrYVGvF9ch6wz']"
51,Jazz (We've Got),A Tribe Called Quest,1991-09-24,True,spotify:track:7AgMX97ljLm9BzszyyXEYZ,60,Ana S,https://open.spotify.com/track/7AgMX97ljLm9BzszyyXEYZ,09hVIj6vWgoCDtT03h8ZCa
52,Highest Building,"['Flume', 'Oklou']",2022-05-20,False,spotify:track:6vd4SM9P40ZFLPVSHpzsJk,50,Elisa,https://open.spotify.com/track/6vd4SM9P40ZFLPVSHpzsJk,"['6nxWCVXbOlEVRexSbLsTer', '6fFcUOFcbjeIuEomuUthkw']"
53,Sirens (feat. Caroline Polachek) - Coco Bryce Remix,"['Flume', 'Caroline Polachek', 'Coco Bryce']",2022-09-09,False,spotify:track:2YxTIv6fpKBuWz6FhMC8aO,16,Elisa,https://open.spotify.com/track/2YxTIv6fpKBuWz6FhMC8aO,"['6nxWCVXbOlEVRexSbLsTer', '4Ge8xMJNwt6EEXOzVXju9a', '08hjAM9XAD28O0nWVKmlx5']"
54,All The Small Things,blink-182,1999-06-01,False,spotify:track:2m1hi0nfMR9vdGC8UcrnwU,80,Jorge,https://open.spotify.com/track/2m1hi0nfMR9vdGC8UcrnwU,6FBDaR13swtiWwGhX1WQsP
55,What's My Age Again?,blink-182,1999-06-01,True,spotify:track:4LJhJ6DQS7NwE7UKtvcM52,77,Jorge,https://open.spotify.com/track/4LJhJ6DQS7NwE7UKtvcM52,6FBDaR13swtiWwGhX1WQsP
56,Californication,Red Hot Chili Peppers,1999-06-08,False,spotify:track:48UPSzbZjgc449aqz8bxox,81,Jorge,https://open.spotify.com/track/48UPSzbZjgc449aqz8bxox,0L8ExT028jH3ddEcZwqJJ5
57,Rock 'N' Roll Is King,Electric Light Orchestra,1983-06-15,False,spotify:track:6s30tYL0EJbROLV4Yzsw0D,54,Elisa,https://open.spotify.com/track/6s30tYL0EJbROLV4Yzsw0D,7jefIIksOi1EazgRTfW2Pk
58,Elle ne t'aime pas,La Femme,2016-09-02,False,spotify:track:6QEvbmv2euCQxX54gjlarO,59,Elisa,https://open.spotify.com/track/6QEvbmv2euCQxX54gjlarO,5VTWoYYizcOY3uIKnxeCGI
59,CR7,Afrojuice 195,2018-12-21,False,spotify:track:3jqjemlBnoYcyYmYQSKTGa,17,Ana S,https://open.spotify.com/track/3jqjemlBnoYcyYmYQSKTGa,4zsSo50Ho4eLQWprgqidlP
60,I Love You,Fontaines D.C.,2022-04-22,True,spotify:track:4N8idxy0W2GDaEosAwPOMg,58,Ana S,https://open.spotify.com/track/4N8idxy0W2GDaEosAwPOMg,3SXwqSqAoBz9WCI9PDQzY6
61,NASA,Ariana Grande,2019-02-08,False,spotify:track:4uTvPEr01pjTbZgl7jcKBD,65,Ana S,https://open.spotify.com/track/4uTvPEr01pjTbZgl7jcKBD,66CXWjxzNUsdJxJ2JdwvnR
62,Higgs Boson Blues,Nick Cave & The Bad Seeds,2013-02-18,False,spotify:track:49xoaBZC9IJfxxeBI37rmX,41,Ana S,https://open.spotify.com/track/49xoaBZC9IJfxxeBI37rmX,4UXJsSlnKd7ltsrHebV79Q
63,The Pond,Cava Grande,2021-01-29,False,spotify:track:0IyuvVFF4mXGi9viEqaEsI,28,Ana,https://open.spotify.com/track/0IyuvVFF4mXGi9viEqaEsI,3oz9j5Fx4nYt1iaAuG6Z9J
64,In My Head,Juice WRLD,2022-10-28,True,spotify:track:2RJAKIw6nIkgZVsAIKhmqz,80,Miriam,https://open.spotify.com/track/2RJAKIw6nIkgZVsAIKhmqz,4MCBfE4596Uoi2O4DtmEMz
65,La flaca,Jarabe De Palo,1996-09-30,False,spotify:track:2LsbizbOeNa4x6qsi2jAMb,74,Elisa,https://open.spotify.com/track/2LsbizbOeNa4x6qsi2jAMb,5B6H1Dq77AV1LZWrbNsuH5
66,Alter Ego,NTO,2018-08-17,False,spotify:track:18MlLrfCkYOnKutil99GwY,50,Ana,https://open.spotify.com/track/18MlLrfCkYOnKutil99GwY,7ry8L53T4oJtSIogGYuioq
67,SPACEMAN - REBELS NEVER DIE REWORK,Hardwell,2022-12-23,False,spotify:track:3cL8eDfcvn8f21flKjXFKj,46,Miriam,https://open.spotify.com/track/3cL8eDfcvn8f21flKjXFKj,6BrvowZBreEkXzJQMpL174
68,Spiritual but Not Religious,Oliver Koletzki,2017-05-19,False,spotify:track:6fxq63aKjMmi1WMI9iKX5w,53,Ana,https://open.spotify.com/track/6fxq63aKjMmi1WMI9iKX5w,1WjBIvYAnZTkTh5UiZNwlR
69,Lazerhead,Sticky Fingers,2014-08-01,False,spotify:track:2JW9C57nfxLLRIihbArVJ0,0,Elisa,https://open.spotify.com/track/2JW9C57nfxLLRIihbArVJ0,3ZGr7nQBXDU2WhyXgRVbt0
70,Jennesys,Emrod,2017-03-10,False,spotify:track:7LihoPgTF9hnxMh9lRTNkA,55,Ana,https://open.spotify.com/track/7LihoPgTF9hnxMh9lRTNkA,7Gd2a8LhB6hvrgFjuZMw9U
71,Jungle,Tash Sultana,2017-03-01,False,spotify:track:6t1ahr2f1t9iSjjNFwFb4C,64,Elisa,https://open.spotify.com/track/6t1ahr2f1t9iSjjNFwFb4C,6zVFRTB0Y1whWyH7ZNmywf
72,Nopalitos,Kid Francescoli,2021-03-18,False,spotify:track:7mTu2ZcNb2Ip79YEzZZnrf,61,Ana,https://open.spotify.com/track/7mTu2ZcNb2Ip79YEzZZnrf,2G7QgTep5IsJHGHm1hXygD
73,Al mar!,Manel,2008-11-11,False,spotify:track:4KQPAGQNStZaWiewr83fwM,47,Pau,https://open.spotify.com/track/4KQPAGQNStZaWiewr83fwM,40tHhop0T30DwienQBmTxb
74,LET GO,Central Cee,2022-12-15,False,spotify:track:3zkyus0njMCL6phZmNNEeN,92,Miriam,https://open.spotify.com/track/3zkyus0njMCL6phZmNNEeN,5H4yInM5zmHqpKIoMNAx4r
75,Ride,Mako Road,2018-02-07,False,spotify:track:2DAgXtcmEZ8QFV924ZaoB3,0,Elisa,https://open.spotify.com/track/2DAgXtcmEZ8QFV924ZaoB3,5dbCgsqzVweFpd1yYHv3Bz
76,Neverita,Bad Bunny,2022-05-06,False,spotify:track:31i56LZnwE6uSu3exoHjtB,89,Pau,https://open.spotify.com/track/31i56LZnwE6uSu3exoHjtB,4q3ewBCX7sLwd24euuV69X
77,Stir It Up - Original Album Version,Bob Marley & The Wailers,1973-04-13,False,spotify:track:3sqZDdEO5viqNqMCNem5m5,60,Elisa,https://open.spotify.com/track/3sqZDdEO5viqNqMCNem5m5,2QsynagSdAqZj3U9HgDzjD
78,Me Maten - Live at NPR's Tiny Desk,"['C. Tangana', 'Antonio Carmona']",2022-02-18,False,spotify:track:2uFlBIfS4XKyOVPKiIrj5L,54,Miriam,https://open.spotify.com/track/2uFlBIfS4XKyOVPKiIrj5L,"['5TYxZTjIPqKM8K8NuP9woO', '1YVEF2N8QHkkQ84LM51Xyo']"
79,How To Fly,Sticky Fingers,2013-03-08,False,spotify:track:3jAoLij05OiNndX2XlSRdS,0,Elisa,https://open.spotify.com/track/3jAoLij05OiNndX2XlSRdS,3ZGr7nQBXDU2WhyXgRVbt0
80,Junk,Sticky Fingers,2019-02-08,False,spotify:track:652BqeIMJ2ytN3xH82GbH8,24,Elisa,https://open.spotify.com/track/652BqeIMJ2ytN3xH82GbH8,3ZGr7nQBXDU2WhyXgRVbt0
81,Captatio benevolentiae,Manel,2008-11-11,False,spotify:track:5JUXJ7nzuLjMVBhm1RRgAU,35,Pau,https://open.spotify.com/track/5JUXJ7nzuLjMVBhm1RRgAU,40tHhop0T30DwienQBmTxb
82,These Girls,Sticky Fingers,2013-03-08,False,spotify:track:4iURgDfsolmCJtknzWuyxj,0,Elisa,https://open.spotify.com/track/4iURgDfsolmCJtknzWuyxj,3ZGr7nQBXDU2WhyXgRVbt0
83,Fiebre (Prod. King DouDou),Bad Gyal,2016-11-11,False,spotify:track:5xtxxuIqInrLDSfjA6Co3o,65,Ana S,https://open.spotify.com/track/5xtxxuIqInrLDSfjA6Co3o,4F4pp8NUW08JuXwnoxglpN
84,Midnight City,M83,2011-10-17,False,spotify:track:6GyFP1nfCDB8lbD2bG0Hq9,75,Elisa,https://open.spotify.com/track/6GyFP1nfCDB8lbD2bG0Hq9,63MQldklfxkjYDoUE4Tppz
85,Dream A Little Dream Of Me,Louis Armstrong,1968-01-01,False,spotify:track:3HuJDcOWx0gE9Yng2uWY7K,66,Jorge,https://open.spotify.com/track/3HuJDcOWx0gE9Yng2uWY7K,19eLuQmk9aCobbVDHc6eek
86,What A Wonderful World,Louis Armstrong,1968-01-01,False,spotify:track:29U7stRjqHU6rMiS8BfaI9,75,Jorge,https://open.spotify.com/track/29U7stRjqHU6rMiS8BfaI9,19eLuQmk9aCobbVDHc6eek
87,Skinny Love,Bon Iver,2008-05-12,False,spotify:track:1HkOPLwAJH3kE8UnqgxF4s,66,Ana,https://open.spotify.com/track/1HkOPLwAJH3kE8UnqgxF4s,4LEiUm1SRbFMgfqnQTwUbQ
88,Holocene,Bon Iver,2011-06-20,True,spotify:track:6DESft0qm6RhoYf5wzeoGH,63,Ana,https://open.spotify.com/track/6DESft0qm6RhoYf5wzeoGH,4LEiUm1SRbFMgfqnQTwUbQ
89,Los Tontos,"['C. Tangana', 'Kiko Veneno']",2021-02-26,False,spotify:track:4DoEHKWh8k6vYDleECQkJx,62,Ana G,https://open.spotify.com/track/4DoEHKWh8k6vYDleECQkJx,"['5TYxZTjIPqKM8K8NuP9woO', '5TDssiSO1YPd3BINGZx3XP']"
90,Velvet Skies,"['Sticky Fingers', 'Lyall Moloney']",2014-08-01,False,spotify:track:6SbWkpn12CJNQgZEQekEcH,0,Elisa,https://open.spotify.com/track/6SbWkpn12CJNQgZEQekEcH,"['3ZGr7nQBXDU2WhyXgRVbt0', '2iKr96W2DghBuLMVMYAtCI']"
91,Sabotatge,Manel,2016-04-08,False,spotify:track:6yYDqeEO3llpMofelDX9Fk,33,Pau,https://open.spotify.com/track/6yYDqeEO3llpMofelDX9Fk,40tHhop0T30DwienQBmTxb
92,Boyfriend,Dove Cameron,2022-02-11,True,spotify:track:59CfNbkERJ3NoTXDvoURjj,82,Miriam,https://open.spotify.com/track/59CfNbkERJ3NoTXDvoURjj,2W8yFh0Ga6Yf3jiayVxwkE
93,Safeword,Rhye,2021-01-22,False,spotify:track:3FIcE9t4VtHLVNwaMSRALs,48,Ana,https://open.spotify.com/track/3FIcE9t4VtHLVNwaMSRALs,2AcUPzkVWo81vumdzeLLRN
94,Cigarettes,Tash Sultana,2018-08-31,True,spotify:track:4ywIrrFcXcD8DTn3EuGYxd,50,Elisa,https://open.spotify.com/track/4ywIrrFcXcD8DTn3EuGYxd,6zVFRTB0Y1whWyH7ZNmywf
95,Untitled,Rex Orange County,2017-04-26,True,spotify:track:40GRJBeHKroMtWwGX9EFyQ,67,Pau,https://open.spotify.com/track/40GRJBeHKroMtWwGX9EFyQ,7pbDxGE6nQSZVfiFdq9lOL
96,Tu Conmigo,"['Vitalic', 'La Bien Querida']",2017-06-23,False,spotify:track:2OJQBsgmB18vFPuzdTrMZQ,42,Ana,https://open.spotify.com/track/2OJQBsgmB18vFPuzdTrMZQ,"['4M84umUNRbZy1mJleyyRM9', '0Wn7tfH4rhaWTn8aMqSgh6']"
97,Open Plan Living,Mako Road,2018-11-30,False,spotify:track:5II4amAAEkKSJOvqu4cYdL,0,Elisa,https://open.spotify.com/track/5II4amAAEkKSJOvqu4cYdL,5dbCgsqzVweFpd1yYHv3Bz
98,Alone,"['Maduk', 'Marianna Ray']",2021-06-25,False,spotify:track:1kXENS7Y2WsnkxBT2Qqj0M,34,Belén,https://open.spotify.com/track/1kXENS7Y2WsnkxBT2Qqj0M,"['6TaaqqCMRMSpvNHClfnbEL', '0PyV4VBxPsxRmInWJWxqkm']"
99,Mystik,Tash Sultana,2017-10-06,False,spotify:track:0NnVzBW6TJLaEzcyXjqRDH,50,Elisa,https://open.spotify.com/track/0NnVzBW6TJLaEzcyXjqRDH,6zVFRTB0Y1whWyH7ZNmywf
100,Rock y Amistad,"['Mujeres', 'Carolina Durante']",2021-05-20,False,spotify:track:2CXmOiHiKbWtVgpOUK6mcx,33,Pau,https://open.spotify.com/track/2CXmOiHiKbWtVgpOUK6mcx,"['5vnfKgHNYLnKeuFA6c2jJO', '2BVE7Pqd8kxv9xEsuvoJoE']"
101,Opus,Eric Prydz,2016-02-05,False,spotify:track:3v2oAQomhOcYCPPHafS3KV,62,Belén,https://open.spotify.com/track/3v2oAQomhOcYCPPHafS3KV,5sm0jQ1mq0dusiLtDJ2b4R
102,Mercadona (Prod. Fakeguido),Bad Gyal,2016-11-11,False,spotify:track:53vCCDv42MGxUmgWUbuhuP,47,Ana S,https://open.spotify.com/track/53vCCDv42MGxUmgWUbuhuP,4F4pp8NUW08JuXwnoxglpN
103,Cariñito,Los Hijos del sol,2017-02-17,False,spotify:track:2jQj5bsJeOad1YoaPWjJHm,52,Miriam,https://open.spotify.com/track/2jQj5bsJeOad1YoaPWjJHm,2eDtYwKCGACUH3hFyaZ7Ah
104,Bad Habit,Steve Lacy,2022-07-15,True,spotify:track:4k6Uh1HXdhtusDW5y8Gbvy,85,Pau,https://open.spotify.com/track/4k6Uh1HXdhtusDW5y8Gbvy,57vWImR43h4CaDao012Ofp
105,Fluorescent Adolescent,Arctic Monkeys,2007-04-22,False,spotify:track:2x8evxqUlF0eRabbW2JBJd,77,Elisa,https://open.spotify.com/track/2x8evxqUlF0eRabbW2JBJd,7Ln80lUS6He07XvHI8qqHH
106,Samurai,Vivi K,2022-06-16,False,spotify:track:5zE7E1lZMKpbxExwtEg8co,32,Belén,https://open.spotify.com/track/5zE7E1lZMKpbxExwtEg8co,4WSOtiDdjEIvAAK6HqvdUg
107,Smthin Like This (Prod. Plata),Bad Gyal,2016-11-11,False,spotify:track:31E9oJvrVjB1iaf3HsdsGc,38,Ana S,https://open.spotify.com/track/31E9oJvrVjB1iaf3HsdsGc,4F4pp8NUW08JuXwnoxglpN
108,Under the Bridge,Red Hot Chili Peppers,1991-09-24,False,spotify:track:3d9DChrdc6BOeFsbrZ3Is0,80,Elisa,https://open.spotify.com/track/3d9DChrdc6BOeFsbrZ3Is0,0L8ExT028jH3ddEcZwqJJ5
109,Pisk Mig Hårdt!!!,Dario Von Slutty,2004-08-01,True,spotify:track:1q3Iuk3nVEwRPj7mR34QYQ,43,Belén,https://open.spotify.com/track/1q3Iuk3nVEwRPj7mR34QYQ,0LTE9Msc6ZOPbGclKsL8cA
110,Lift Me Up - From Black Panther: Wakanda Forever - Music From and Inspired By,Rihanna,2022-10-28,False,spotify:track:35ovElsgyAtQwYPYnZJECg,86,Belén,https://open.spotify.com/track/35ovElsgyAtQwYPYnZJECg,5pKCCKE2ajJHZ9KAiaK11H
111,I'm Good (Blue),"['David Guetta', 'Bebe Rexha']",2022-08-26,True,spotify:track:4uUG5RXrOk84mYEfFvj3cK,95,Belén,https://open.spotify.com/track/4uUG5RXrOk84mYEfFvj3cK,"['1Cs0zKBU1kc0i8ypK3B9ai', '64M6ah0SkkRsnPGtGiRAbb']"
112,Ghost,Confetti,2019-10-18,True,spotify:track:30uCmqegKQnH5AbOE51gPD,73,Miriam,https://open.spotify.com/track/30uCmqegKQnH5AbOE51gPD,1oyUjl52ohRrCv3EL1UdpM
113,Cyclone (The Village Sessions),Sticky Fingers,2020-06-23,False,spotify:track:53XM8O6sQ4YzCq2jYgXuC6,60,Elisa,https://open.spotify.com/track/53XM8O6sQ4YzCq2jYgXuC6,3ZGr7nQBXDU2WhyXgRVbt0
114,Running Up That Hill (A Deal With God),Kate Bush,1985,False,spotify:track:75FEaRjZTKLhTrFGsfMUXR,83,Belén,https://open.spotify.com/track/75FEaRjZTKLhTrFGsfMUXR,1aSxMhuvixZ8h9dK9jIDwL
115,Another Love,Tom Odell,2013-06-24,True,spotify:track:3JvKfv6T31zO0ini8iNItO,92,Belén,https://open.spotify.com/track/3JvKfv6T31zO0ini8iNItO,2txHhyCwHjUEpJjWrEyqyX
116,A Horse with No Name,"['America', 'George Martin']",1972,False,spotify:track:54eZmuggBFJbV7k248bTTt,75,Jorge,https://open.spotify.com/track/54eZmuggBFJbV7k248bTTt,"['35U9lQaRWSQISxQAB94Meo', '0tcbedGX7n5UHrMhVsGmIU']"
117,American Idiot,Green Day,2004-09-21,True,spotify:track:6nTiIhLmQ3FWhvrGafw2zj,77,Jorge,https://open.spotify.com/track/6nTiIhLmQ3FWhvrGafw2zj,7oPftvlwr6VrsViSDV7fJY
118,Wake Me up When September Ends,Green Day,2004-09-21,False,spotify:track:3ZffCQKLFLUvYM59XKLbVm,76,Jorge,https://open.spotify.com/track/3ZffCQKLFLUvYM59XKLbVm,7oPftvlwr6VrsViSDV7fJY
119,Perfect,Simple Plan,2018-04-06,False,spotify:track:4j3X4KX8rURekAVIFUhI23,68,Jorge,https://open.spotify.com/track/4j3X4KX8rURekAVIFUhI23,2p4FqHnazRucYQHyDCdBrJ
120,Welcome to My Life,Simple Plan,2004-10-26,False,spotify:track:10rChmECwPcvTTj4w07hq4,67,Jorge,https://open.spotify.com/track/10rChmECwPcvTTj4w07hq4,2p4FqHnazRucYQHyDCdBrJ
121,Hasta la Raíz,Natalia Lafourcade,2015-11-13,False,spotify:track:3lGMtkONrZdJ8kTCg6KIFf,78,Paula,https://open.spotify.com/track/3lGMtkONrZdJ8kTCg6KIFf,1hcdI2N1023RvSwLzTtdsp
122,LA DOLCE VITA,"['Fedez', 'Tananai', 'Mara Sattei']",2022-06-03,False,spotify:track:0I0b7uTFfHhBz5bMkSDouF,64,Belén,https://open.spotify.com/track/0I0b7uTFfHhBz5bMkSDouF,"['3pgCLfNbw5ozIfoNsvDU7i', '35V1WomiedCJeGfupcPm7s', '0zoMmzmyi8N8LwzhyXPvtk']"
123,So Lonely,The Police,1978-11-02,False,spotify:track:2wnsBaxrmkthIFAm6vqCuX,65,Elisa,https://open.spotify.com/track/2wnsBaxrmkthIFAm6vqCuX,5NGO30tJxFlKixkPSgXcFE
124,Roxanne,The Police,1978-11-02,False,spotify:track:3EYOJ48Et32uATr9ZmLnAo,77,Elisa,https://open.spotify.com/track/3EYOJ48Et32uATr9ZmLnAo,5NGO30tJxFlKixkPSgXcFE
125,Bloody Samaritan,Ayra Starr,2021-07-31,True,spotify:track:3Keas2doqXf1veo2DOOIdz,59,Belén,https://open.spotify.com/track/3Keas2doqXf1veo2DOOIdz,3ZpEKRjHaHANcpk10u6Ntq
126,Monster,"['LUM!X', 'Gabry Ponte']",2019-04-19,False,spotify:track:0YU17F0BlVXvmx5ytsR43w,70,Miriam,https://open.spotify.com/track/0YU17F0BlVXvmx5ytsR43w,"['0TKFPt9w0AAEnhB9bd0pLy', '5ENS85nZShljwNgg4wFD7D']"
127,Me Voy,Julieta Venegas,2006-05-25,False,spotify:track:100Tm6z29RfHTdUQ6NIs0s,74,Belén,https://open.spotify.com/track/100Tm6z29RfHTdUQ6NIs0s,2QWIScpFDNxmS6ZEMIUvgm
128,One Dance,"['Drake', 'Wizkid', 'Kyla']",2016-05-06,False,spotify:track:1zi7xx7UVEFkmKfv06H8x0,84,Ana S,https://open.spotify.com/track/1zi7xx7UVEFkmKfv06H8x0,"['3TVXtAsR1Inumwj472S9r4', '3tVQdUvClmAT7URs9V3rsp', '77DAFfvm3O9zT5dIoG0eIO']"
129,Bennie And The Jets - Remastered 2014,Elton John,1973-10-05,False,spotify:track:5Wj1rJnCLpMHdLaxsFtJLs,72,Paula,https://open.spotify.com/track/5Wj1rJnCLpMHdLaxsFtJLs,3PhoLpVuITZKcymswpck5b
130,God's Plan,Drake,2018-06-29,True,spotify:track:6DCZcSspjsKoFjzjrWoCdn,82,Ana S,https://open.spotify.com/track/6DCZcSspjsKoFjzjrWoCdn,3TVXtAsR1Inumwj472S9r4
131,Así Bailaba,"['Rigoberta Bandini', 'Amaia']",2022-07-08,False,spotify:track:1hf8CDYdkkcQhthrRL8iy7,51,Belén,https://open.spotify.com/track/1hf8CDYdkkcQhthrRL8iy7,"['7DOERbtkx9aTLvWzZSB0qx', '1WLEfsQjvgtFSGkrHonzFX']"
132,Right Now (Na Na Na),Akon,2008-01-01,False,spotify:track:2VqAEP1yY5T523K7bZtL8a,69,Belén,https://open.spotify.com/track/2VqAEP1yY5T523K7bZtL8a,0z4gvV4rjIZ9wHck67ucSV
133,Sofia,Clairo,2019-08-02,False,spotify:track:7B3z0ySL9Rr0XvZEAjWZzM,78,Sindri,https://open.spotify.com/track/7B3z0ySL9Rr0XvZEAjWZzM,3l0CmX0FuQjFxr8SK7Vqag
134,Too Many Drugs,Rigoberta Bandini,2020-02-28,False,spotify:track:36Ylur9D9t6AMcu6wCs2Bh,49,Belén,https://open.spotify.com/track/36Ylur9D9t6AMcu6wCs2Bh,7DOERbtkx9aTLvWzZSB0qx
135,INDUSTRY BABY (feat. Jack Harlow),"['Lil Nas X', 'Jack Harlow']",2021-09-17,True,spotify:track:5Z9KJZvQzH6PFmb8SNkxuk,79,Miriam,https://open.spotify.com/track/5Z9KJZvQzH6PFmb8SNkxuk,"['7jVv8c5Fj3E9VhNjxT4snq', '2LIk90788K0zvyj2JJVwkJ']"
136,Drown,"['Cuco', 'Clairo']",2018-08-01,True,spotify:track:0r3EjWduZ249mBlXAfcHyL,58,Sindri,https://open.spotify.com/track/0r3EjWduZ249mBlXAfcHyL,"['2Tglaf8nvDzwSQnpSrjLHP', '3l0CmX0FuQjFxr8SK7Vqag']"
137,Bleeding Love,"['VAMERO', 'LIZOT']",2020-12-11,False,spotify:track:1Q39L4T3XptJthNeazSK3I,45,Belén,https://open.spotify.com/track/1Q39L4T3XptJthNeazSK3I,"['74GrV01oFcjJdLHCF9MWhr', '12A83CWwFiyXy90ScLWPIe']"
138,Softly,Clairo,2019-08-02,False,spotify:track:4PvbbMYL4fkToni5BLaYRb,66,Sindri,https://open.spotify.com/track/4PvbbMYL4fkToni5BLaYRb,3l0CmX0FuQjFxr8SK7Vqag
139,Let Down,Radiohead,1997-05-28,False,spotify:track:2fuYa3Lx06QQJAm0MjztKr,65,Paula,https://open.spotify.com/track/2fuYa3Lx06QQJAm0MjztKr,4Z8W4fKeB5YxbusRsdQVPb
140,Hits 2021 - Mashup,"['Trinix Remix', 'Trinix']",2022-01-21,False,spotify:track:1R8bpZGAVUxeygsKfHnInQ,65,Belén,https://open.spotify.com/track/1R8bpZGAVUxeygsKfHnInQ,"['0RvjLz7klSc5lNgxX7EiVZ', '3HqP3nd8WI0VfHRhApPlan']"
141,Dancing Feet (feat. DNCE),"['Kygo', 'DNCE']",2022-02-25,False,spotify:track:4RAR8g8fZNB106ezUurnE0,73,Belén,https://open.spotify.com/track/4RAR8g8fZNB106ezUurnE0,"['23fqKkggKUBHNkbKtXEls4', '6T5tfhQCknKG4UnH90qGnz']"
142,Last Nite,The Strokes,2001-07-30,False,spotify:track:7kzKAuUzOITUauHAhoMoxA,72,Paula,https://open.spotify.com/track/7kzKAuUzOITUauHAhoMoxA,0epOFNiUfyON9EYx7Tpr6V
143,Bookmarks,Dylan Owen,2012-01-22,True,spotify:track:573svhyphxfeVf3T2cQQ2f,36,Jorge,https://open.spotify.com/track/573svhyphxfeVf3T2cQQ2f,3tBtdC4EFE4bNqkt7JP0Co
144,In the Corner,"['Dylan Owen', 'Kinetics']",2022-04-01,True,spotify:track:2v6JnkxXTwgSxAzlNbhU5G,35,Jorge,https://open.spotify.com/track/2v6JnkxXTwgSxAzlNbhU5G,"['3tBtdC4EFE4bNqkt7JP0Co', '6uKWjYpnMv3gPCurlJTFVS']"
145,The Book Report,Dylan Owen,2010-07-03,False,spotify:track:5h5kOn4GYszhq2J8E5tqbu,28,Jorge,https://open.spotify.com/track/5h5kOn4GYszhq2J8E5tqbu,3tBtdC4EFE4bNqkt7JP0Co
146,Old Armor,Dylan Owen,2010-07-03,True,spotify:track:16gUdaZ3ISeD1Vz4P20dgO,26,Jorge,https://open.spotify.com/track/16gUdaZ3ISeD1Vz4P20dgO,3tBtdC4EFE4bNqkt7JP0Co
147,"Nicki Nicole: Bzrp Music Sessions, Vol. 13","['Bizarrap', 'Nicki Nicole']",2019-08-14,False,spotify:track:2S93hylQBYLndMnaJuso8S,70,Sindri,https://open.spotify.com/track/2S93hylQBYLndMnaJuso8S,"['716NhGYqD1jl2wI1Qkgq36', '2UZIAOlrnyZmyzt1nuXr9y']"
148,"Quevedo: Bzrp Music Sessions, Vol. 52","['Bizarrap', 'Quevedo']",2022-07-06,False,spotify:track:2tTmW7RDtMQtBk7m2rYeSw,94,Sindri,https://open.spotify.com/track/2tTmW7RDtMQtBk7m2rYeSw,"['716NhGYqD1jl2wI1Qkgq36', '52iwsT98xCoGgiGntTiR7K']"
149,CAMALEÓN,Belén Aguilera,2021-11-05,False,spotify:track:5H1LLTRLRw59GZh6Xd5lGe,47,Belén,https://open.spotify.com/track/5H1LLTRLRw59GZh6Xd5lGe,5fmYDIdgEkSgLdL6esxgfp
150,Bum Bum Tam Tam,"['MC Fioti', 'Future', 'J Balvin', 'Stefflon Don', 'Juan Magán']",2017-12-15,True,spotify:track:6k2900NjJeVqZM55G3Danu,68,Ana S,https://open.spotify.com/track/6k2900NjJeVqZM55G3Danu,"['2W6kbe0nm96COrHzNmfLLd', '1RyvyyTE3xzB2ZywiAwp0i', '1vyhD5VmyZ7KMfW5gqLgo5', '2ExGrw6XpbtUAJHTLtUXUD', '1ackd5XprZEkH3McKbQD51']"
151,Linda,"['Tokischa', 'ROSALÍA']",2021-09-01,True,spotify:track:1ahCrpeTt94LL7y1aXw0Y8,70,Ana S,https://open.spotify.com/track/1ahCrpeTt94LL7y1aXw0Y8,"['2p4aN0Uxkk3iT3HK0cJ2cJ', '7ltDVBr6mKbRvohxheJ9h1']"
152,Mama,My Chemical Romance,2006-10-23,True,spotify:track:0Zh3tKIphLOvQux4dA6PFZ,66,Miriam,https://open.spotify.com/track/0Zh3tKIphLOvQux4dA6PFZ,7FBcuc1gsnv6Y1nwFtNRCb
153,SAPORE – with Tedua,"['Fedez', 'Tedua']",2021-11-26,True,spotify:track:3QdtpN3K8s2aDsX6o10KZK,4,Belén,https://open.spotify.com/track/3QdtpN3K8s2aDsX6o10KZK,"['3pgCLfNbw5ozIfoNsvDU7i', '1AgAVqo74e2q4FVvg0xpT7']"
154,Pa' Llamar Tu Atención (feat. MC Bin Laden),"['C. Tangana', 'MC Bin Laden']",2019-01-24,False,spotify:track:2vEY3cNwXYxIG4fPAoN14q,55,Ana S,https://open.spotify.com/track/2vEY3cNwXYxIG4fPAoN14q,"['5TYxZTjIPqKM8K8NuP9woO', '2PC0CLpUsoEQPNIZKg2ZX0']"
155,The Adults Are Talking,The Strokes,2020-04-10,False,spotify:track:5ruzrDWcT0vuJIOMW7gMnW,77,Paula,https://open.spotify.com/track/5ruzrDWcT0vuJIOMW7gMnW,0epOFNiUfyON9EYx7Tpr6V
156,"Zaramay: Bzrp Music Sessions, Vol. 31","['Bizarrap', 'ZARAMAY']",2020-07-01,False,spotify:track:2PKb7tFxkwMoS7Y6muOTAR,62,Sindri,https://open.spotify.com/track/2PKb7tFxkwMoS7Y6muOTAR,"['716NhGYqD1jl2wI1Qkgq36', '3wsYquQ9CiMlYG54BUR2ff']"
157,LA COMBI VERSACE,"['ROSALÍA', 'Tokischa']",2022-03-18,False,spotify:track:5gCNf9wMVrYuM2fvfgLTlF,69,Ana S,https://open.spotify.com/track/5gCNf9wMVrYuM2fvfgLTlF,"['7ltDVBr6mKbRvohxheJ9h1', '2p4aN0Uxkk3iT3HK0cJ2cJ']"
158,Lying Is the Most Fun a Girl Can Have Without Taking Her Clothes Off,Panic! At The Disco,2005-09-27,True,spotify:track:5eB7w8UZJKjL5XmnC6Pctg,62,Miriam,https://open.spotify.com/track/5eB7w8UZJKjL5XmnC6Pctg,20JZFwl6HVl6yg8a4H3ZqK
159,Overpass Graffiti,Ed Sheeran,2021-10-29,False,spotify:track:4btFHqumCO31GksfuBLLv3,75,Belén,https://open.spotify.com/track/4btFHqumCO31GksfuBLLv3,6eUKZXaKkcviH0Ku9w2n3V
160,Cold Heart - PNAU Remix,"['Elton John', 'Dua Lipa', 'PNAU']",2021-08-13,False,spotify:track:6zSpb8dQRaw0M1dK8PBwQz,85,Belén,https://open.spotify.com/track/6zSpb8dQRaw0M1dK8PBwQz,"['3PhoLpVuITZKcymswpck5b', '6M2wZ9GZgrQXHCFfjv46we', '6n28c9qs9hNGriNa72b26u']"
161,Space (feat. EDEN),"['ATO', 'EDEN']",2014,True,spotify:track:4WKvjz6okrWIN9Xl730TTe,42,Jorge,https://open.spotify.com/track/4WKvjz6okrWIN9Xl730TTe,"['4KoNbDwbCK9D04dSmYG93E', '1t20wYnTiAT0Bs7H1hv9Wt']"
162,Me Encanta(s),"['Hens', 'Walls']",2021-05-21,False,spotify:track:3S1lg0ytmvtPRV4qv4iWL4,56,Belén,https://open.spotify.com/track/3S1lg0ytmvtPRV4qv4iWL4,"['3iY9PS7LxPnCVcCP7BjJOK', '6tvDaHOPNWfkc9Q8IghqSR']"
163,Dos Días al Mes,"['Hens', 'Delgao']",2021-05-21,False,spotify:track:4Ws1SBzrc8MgbtxVyXFfyP,58,Belén,https://open.spotify.com/track/4Ws1SBzrc8MgbtxVyXFfyP,"['3iY9PS7LxPnCVcCP7BjJOK', '2V10Oq2sAheIVDSeW9QyFN']"
164,Tokyo,Jhayco,2021-09-03,False,spotify:track:1gYipuSzUpI6BENbGrgeid,65,Belén,https://open.spotify.com/track/1gYipuSzUpI6BENbGrgeid,6nVcHLIgY5pE2YCl8ubca1
165,I Want It That Way,Backstreet Boys,1999-05-18,False,spotify:track:47BBI51FKFwOMlIiX6m8ya,80,Belén,https://open.spotify.com/track/47BBI51FKFwOMlIiX6m8ya,5rSXSAkZ67PYJSvpUpkOr7
166,Pumped Up Kicks,Foster The People,2011-05-23,False,spotify:track:7w87IxuO7BDcJ3YUqCyMTT,81,Paula,https://open.spotify.com/track/7w87IxuO7BDcJ3YUqCyMTT,7gP3bB2nilZXLfPHJhMdvc
167,Sweater Weather,The Neighbourhood,2013-04-19,False,spotify:track:2QjOHCTQ1Jl3zawyYOpxh6,90,Paula,https://open.spotify.com/track/2QjOHCTQ1Jl3zawyYOpxh6,77SW9BnxLY8rJ0RciFqkHh
168,Blue World,Mac Miller,2020-01-17,True,spotify:track:2hwOoMtWPtTSSn6WHV7Vp5,73,Jorge,https://open.spotify.com/track/2hwOoMtWPtTSSn6WHV7Vp5,4LLpKhyESsyAXpc4laK94U
169,La Última Generación,"['ANTIFAN', 'C. Tangana']",2019-04-26,True,spotify:track:5C0VcNG8DEO7vVlV3DprlK,22,Ana S,https://open.spotify.com/track/5C0VcNG8DEO7vVlV3DprlK,"['2UenZFehQbTQiiVlU9Sv35', '5TYxZTjIPqKM8K8NuP9woO']"
170,PUEDES CONTAR CONMIGO,"['María Escarmiento', 'BLNCO', 'detunedfreq']",2022-10-28,False,spotify:track:1uQ6NWzUWB7tMIAvXZ104N,61,Ana S,https://open.spotify.com/track/1uQ6NWzUWB7tMIAvXZ104N,"['7sRtI3bMrrgSFkNs2jFHrl', '0uyyPsii9AYIF6eu60pS4p', '3Arhn0WJKerUnT3OXU705K']"
171,Restless,Kakkmaddafakka,2011-02-25,False,spotify:track:5QBVRETMnR1sKyrQAMypDu,57,Ana S,https://open.spotify.com/track/5QBVRETMnR1sKyrQAMypDu,4HV7yKF3SRpY6I0gxu7hm9
172,Pilvee & Pilluu,"['Ro$vosheriffi', 'Mari Johanna', 'Julma Henri']",2017-04-30,True,spotify:track:3RcppPp04oBbeN4q4K5M34,7,Ana S,https://open.spotify.com/track/3RcppPp04oBbeN4q4K5M34,"['6ouy9p8nrPSrfXF7Xj95AL', '6DuYuCr5tT6QMfDVjjivcj', '3Ua7hkwc1gdzoUBx0fdt8o']"
173,Burguesa Arruinada,Samantha Hudson,2019-04-05,True,spotify:track:2Q4EYySJXyEHoogG1EgsJ7,24,Ana S,https://open.spotify.com/track/2Q4EYySJXyEHoogG1EgsJ7,3CsPDmTON8MWK0YXmaru92
174,El Himno Títular,Carolina Durante,2018-06-25,False,spotify:track:7xvRry7lAc8TezVakru6Ga,31,Ana S,https://open.spotify.com/track/7xvRry7lAc8TezVakru6Ga,2BVE7Pqd8kxv9xEsuvoJoE
175,"After The Storm (feat. Tyler, The Creator & Bootsy Collins)","['Kali Uchis', 'Tyler, The Creator', 'Bootsy Collins']",2018-04-06,False,spotify:track:1otG6j1WHNvl9WgXLWkHTo,77,Ana S,https://open.spotify.com/track/1otG6j1WHNvl9WgXLWkHTo,"['1U1el3k54VvEUzo3ybLPlM', '4V8LLVI7PbaPR0K2TGSxFF', '5K0rbdBrs2tNXe5LeWMATT']"
176,Fahr mit mir (4x4) (feat. Tokio Hotel),"['Kraftklub', 'Tokio Hotel']",2022-09-22,False,spotify:track:5443vprqDLYYwDUyBLkU9H,57,Lin,https://open.spotify.com/track/5443vprqDLYYwDUyBLkU9H,"['0MZ55DwuMQ1B2TXq9lcrE4', '46aNfN89JrOQTCy97GoCHa']"
177,White Lies,"['VIZE', 'Tokio Hotel']",2021-01-15,False,spotify:track:2QuQkdLLzgktXwruPAz6f4,56,Lin,https://open.spotify.com/track/2QuQkdLLzgktXwruPAz6f4,"['09agIJMxCD2k87ys9Al0f0', '46aNfN89JrOQTCy97GoCHa']"
178,Monsoon,Tokio Hotel,2007-01-01,False,spotify:track:32Ky5QCRtwYJJXuLwoGufj,53,Lin,https://open.spotify.com/track/32Ky5QCRtwYJJXuLwoGufj,46aNfN89JrOQTCy97GoCHa
179,Durch den Monsun - Radio Mix,Tokio Hotel,2006-01-01,False,spotify:track:41YOS7VuxHEEwYHLfa7VWM,51,Lin,https://open.spotify.com/track/41YOS7VuxHEEwYHLfa7VWM,46aNfN89JrOQTCy97GoCHa
180,Love Who Loves You Back,Tokio Hotel,2014-10-03,False,spotify:track:1pGQZYCKWFsadznuK8YkcZ,45,Lin,https://open.spotify.com/track/1pGQZYCKWFsadznuK8YkcZ,46aNfN89JrOQTCy97GoCHa
181,NEW MAGIC WAND,"Tyler, The Creator",2019-05-17,True,spotify:track:0fv2KH6hac06J86hBUTcSf,81,Ana S,https://open.spotify.com/track/0fv2KH6hac06J86hBUTcSf,4V8LLVI7PbaPR0K2TGSxFF
182,Baila el Chiki Chiki,"['Rodolfo Chikilicuatre', 'Tata Golosa']",2017-01-13,False,spotify:track:7wUKRQMHG0fI3DBzi6Tp29,28,Lin,https://open.spotify.com/track/7wUKRQMHG0fI3DBzi6Tp29,"['3tEqAdHqv4pjHgS3jeXfr2', '2s6kgfP6jgbor920LrlY7K']"
183,EARFQUAKE,"Tyler, The Creator",2019-05-17,True,spotify:track:5hVghJ4KaYES3BFUATCYn0,79,Ana S,https://open.spotify.com/track/5hVghJ4KaYES3BFUATCYn0,4V8LLVI7PbaPR0K2TGSxFF
184,Who Dat Boy (feat. A$AP Rocky),"['Tyler, The Creator', 'A$AP Rocky']",2017-07-21,True,spotify:track:21yRtB6B8EMounImAfHRCP,66,Ana S,https://open.spotify.com/track/21yRtB6B8EMounImAfHRCP,"['4V8LLVI7PbaPR0K2TGSxFF', '13ubrt8QOOCPljQ2FL1Kca']"
185,Gimme Chocolate!!,BABYMETAL,2015-05-29,False,spotify:track:6DJ6Va1jpFcErKtQi7BAJv,54,Lin,https://open.spotify.com/track/6DJ6Va1jpFcErKtQi7BAJv,630wzNP2OL7fl4Xl0GnMWq
186,Monochrome,BABYMETAL,2022-11-17,False,spotify:track:2Rw6wkd0q3LXx5xsdjLs1P,58,Lin,https://open.spotify.com/track/2Rw6wkd0q3LXx5xsdjLs1P,630wzNP2OL7fl4Xl0GnMWq
187,BxMxC,BABYMETAL,2020-10-09,False,spotify:track:2HEM4wcGP2nFT1Z2i6jtvo,57,Lin,https://open.spotify.com/track/2HEM4wcGP2nFT1Z2i6jtvo,630wzNP2OL7fl4Xl0GnMWq
188,Divine Attack - Shingeki -,BABYMETAL,2022-10-20,False,spotify:track:0uOtodY9htazL9wojWhKhQ,55,Lin,https://open.spotify.com/track/0uOtodY9htazL9wojWhKhQ,630wzNP2OL7fl4Xl0GnMWq
189,Head Bangeeeeerrrrr!!!!!,BABYMETAL,2015-05-29,False,spotify:track:6K8XYc5aDwaHevNifv8K3F,50,Lin,https://open.spotify.com/track/6K8XYc5aDwaHevNifv8K3F,630wzNP2OL7fl4Xl0GnMWq
190,Peanut Butter (feat. Big Freedia),"['RuPaul', 'Big Freedia']",2012-06-05,False,spotify:track:3Y3K9KOHuH3ZXsNNI2AibB,39,Ana S,https://open.spotify.com/track/3Y3K9KOHuH3ZXsNNI2AibB,"['2SdOKxC1sSxEyv8JYERaNe', '2gyv1akuIB9fQvXoGSPaJr']"
191,The Fox (What Does the Fox Say?),Ylvis,2013-09-02,False,spotify:track:5HOpkTTVcmZHnthgyxrIL8,63,Lin,https://open.spotify.com/track/5HOpkTTVcmZHnthgyxrIL8,2lEOFtf3cCyzomQcMHJGfZ
192,Give That Wolf A Banana,Subwoolfer,2022-01-10,False,spotify:track:50Cf2eYv8zT3v2HAkwhIiL,59,Lin,https://open.spotify.com/track/50Cf2eYv8zT3v2HAkwhIiL,633Va8wlM3hrqQ4xjqRfOf
193,The Realness (feat. Eric Kupper),"['RuPaul', 'Eric Kupper']",2015-03-02,False,spotify:track:1oSUTFfnEwftOTRxpLKWOY,44,Ana S,https://open.spotify.com/track/1oSUTFfnEwftOTRxpLKWOY,"['2SdOKxC1sSxEyv8JYERaNe', '2ATkDceAaeLUkxPnJPHGkz']"
194,Sandstorm,Darude,2001-01-01,False,spotify:track:6Sy9BUbgFse0n0LPA5lwy5,69,Lin,https://open.spotify.com/track/6Sy9BUbgFse0n0LPA5lwy5,0LhHRmSd1EYM5QdNeNnCoQ
195,Popcorn,Crazy Frog,2005-08-01,False,spotify:track:0jQ4Nb9ylfUheLP9EOpOFk,55,Lin,https://open.spotify.com/track/0jQ4Nb9ylfUheLP9EOpOFk,4J3wzDMI97AlGimdiVcaLb
196,Axel F,Crazy Frog,2005-08-01,False,spotify:track:0Bo5fjMtTfCD8vHGebivqc,68,Lin,https://open.spotify.com/track/0Bo5fjMtTfCD8vHGebivqc,4J3wzDMI97AlGimdiVcaLb
197,Tricky,Crazy Frog,2021-12-10,False,spotify:track:1gy1GWzJrxIjrUTMEu3sQx,57,Lin,https://open.spotify.com/track/1gy1GWzJrxIjrUTMEu3sQx,4J3wzDMI97AlGimdiVcaLb
198,I Like to Move It,Crazy Frog,2005-08-01,False,spotify:track:3heDtYcDUp5y2ykqjoChTj,54,Lin,https://open.spotify.com/track/3heDtYcDUp5y2ykqjoChTj,4J3wzDMI97AlGimdiVcaLb
199,How Do You Do ?,Crazy Frog,2009-12-11,False,spotify:track:1844zQJGeNx60U1uXauYJ1,50,Lin,https://open.spotify.com/track/1844zQJGeNx60U1uXauYJ1,4J3wzDMI97AlGimdiVcaLb
200,I Like To Move It,Madagascar 5,2010-10-29,False,spotify:track:7gZvmf49E6m0vrXMHcC6b3,53,Lin,https://open.spotify.com/track/7gZvmf49E6m0vrXMHcC6b3,5xbwP7qJPN1fm75oONoPE4
201,Somebody That I Used To Know,"['Gotye', 'Kimbra']",2011-01-01,False,spotify:track:1qDrWA6lyx8cLECdZE7TV7,78,Lin,https://open.spotify.com/track/1qDrWA6lyx8cLECdZE7TV7,"['2AsusXITU8P25dlRNhcAbG', '6hk7Yq1DU9QcCCrz9uc0Ti']"
202,Runaway,AURORA,2016-03-11,False,spotify:track:1v1oIWf2Xgh54kIWuKsDf6,77,Sindri,https://open.spotify.com/track/1v1oIWf2Xgh54kIWuKsDf6,1WgXqy2Dd70QQOU7Ay074N
203,Running With The Wolves,AURORA,2016-03-11,False,spotify:track:6r6n5OmXkdsOxN2iCj5UE0,62,Sindri,https://open.spotify.com/track/6r6n5OmXkdsOxN2iCj5UE0,1WgXqy2Dd70QQOU7Ay074N
204,All Star,Smash Mouth,1999-06-08,False,spotify:track:3cfOd4CMv2snFaKAnMdnvK,77,Lin,https://open.spotify.com/track/3cfOd4CMv2snFaKAnMdnvK,2iEvnFsWxR0Syqu2JNopAd
205,"The Best of Both Worlds - From ""Hannah Montana""/Soundtrack Version",Hannah Montana,2006-01-01,False,spotify:track:6Z0F3Mqj7tq1CBZo5qMlUg,62,Lin,https://open.spotify.com/track/6Z0F3Mqj7tq1CBZo5qMlUg,7nU4hB040gTmHm45YYMvqc
206,Hollaback Girl,Gwen Stefani,2004-10-27,True,spotify:track:6RcQOut9fWL6FSqeIr5M1r,0,Ana S,https://open.spotify.com/track/6RcQOut9fWL6FSqeIr5M1r,4yiQZ8tQPux8cPriYMWUFP
207,"Snow Tha Product: Bzrp Music Sessions, Vol. 39","['Bizarrap', 'Snow Tha Product']",2021-04-28,True,spotify:track:5hpOBmnNc1mahkYGmte4NI,71,Sindri,https://open.spotify.com/track/5hpOBmnNc1mahkYGmte4NI,"['716NhGYqD1jl2wI1Qkgq36', '3p3jPcp8b7WL9XYj4xlsWj']"
208,"Nathy Peluso: Bzrp Music Sessions, Vol. 36","['Bizarrap', 'NATHY PELUSO']",2020-11-27,False,spotify:track:78SeXVRJ7KCqVmOwTiFjnI,72,Sindri,https://open.spotify.com/track/78SeXVRJ7KCqVmOwTiFjnI,"['716NhGYqD1jl2wI1Qkgq36', '3VHAySZQPlfGlNLslzXYpN']"
209,"Shakira: Bzrp Music Sessions, Vol. 53","['Bizarrap', 'Shakira']",2023-01-11,False,spotify:track:4nrPB8O7Y7wsOCJdgXkthe,98,Sindri,https://open.spotify.com/track/4nrPB8O7Y7wsOCJdgXkthe,"['716NhGYqD1jl2wI1Qkgq36', '0EmeFodog0BfCgMzAIvKQp']"
210,"Villano Antillano: Bzrp Music Sessions, Vol. 51","['Bizarrap', 'Villano Antillano']",2022-06-08,True,spotify:track:4hceSKjrkDTO0nMKFcb3sj,79,Sindri,https://open.spotify.com/track/4hceSKjrkDTO0nMKFcb3sj,"['716NhGYqD1jl2wI1Qkgq36', '1pi7nGhOM7PTHR5YEgXVGq']"
211,3 Estrellas en el Conjunto,"['Bizarrap', 'Duki', 'La T y La M']",2022-12-31,False,spotify:track:0aOt8nmb5ddTNGE0t7XfvE,72,Ana S,https://open.spotify.com/track/0aOt8nmb5ddTNGE0t7XfvE,"['716NhGYqD1jl2wI1Qkgq36', '1bAftSH8umNcGZ0uyV7LMg', '1FxPMQ9A0882eNDx3ZkD6B']"
212,"Residente: Bzrp Music Sessions, Vol. 49","['Bizarrap', 'Residente']",2022-03-03,True,spotify:track:2dG9k8jtnkjzJjUToz9i9i,69,Sindri,https://open.spotify.com/track/2dG9k8jtnkjzJjUToz9i9i,"['716NhGYqD1jl2wI1Qkgq36', '5GcWBUX00IPuWVGMIRK1sS']"
213,Los Lunnis Nos Vamos A La Cama,Los Lunnis,2009-01-01,False,spotify:track:2L0ng2t2wv1UUi5V3Nc8Er,34,Lin,https://open.spotify.com/track/2L0ng2t2wv1UUi5V3Nc8Er,2dDHJrXjOkhQ0pOhr1lC3V
214,Locked Up,Akon,2006-01-01,True,spotify:track:0YUrjFy4qFKOO5NhM9tYdV,63,Brandon,https://open.spotify.com/track/0YUrjFy4qFKOO5NhM9tYdV,0z4gvV4rjIZ9wHck67ucSV
215,Prologue,John Williams,2001-10-30,False,spotify:track:6CeCOC2zx1qS8mQNYHe6IM,59,Lin,https://open.spotify.com/track/6CeCOC2zx1qS8mQNYHe6IM,3dRfiJ2650SZu6GbydcHNb
216,Hay Que Venir Al Sur (Tanti Auguri),Raffaella Carrà,2020-10-09,False,spotify:track:7EnlaiXPnuFStTGh5gJnhM,34,Ana,https://open.spotify.com/track/7EnlaiXPnuFStTGh5gJnhM,6EVyI0S0b1Ld2nm37m5x85
217,Ai Se Eu Te Pego,Michel Teló,2019-08-01,False,spotify:track:0INaMqjJJe1BZpnWuCxDzt,62,Lin,https://open.spotify.com/track/0INaMqjJJe1BZpnWuCxDzt,1sDVuztNhGcetCLChkleDA
218,A Cruel Angel's Thesis - Director's Edit Version,"['Shiro SAGISU', 'Yoko Takahashi']",2019-06-21,False,spotify:track:0u9EI8zmr2QMuJLMiQFUIn,58,Lin,https://open.spotify.com/track/0u9EI8zmr2QMuJLMiQFUIn,"['5k3NfhEeZHpouIGDpjKOPo', '2RSmBT9gH02j53dMSw982t']"
219,Cold Illusions,Ryan Greaves,2019-06-19,False,spotify:track:5VyCDHRvFdCzCDM1KioYTe,38,Lin,https://open.spotify.com/track/5VyCDHRvFdCzCDM1KioYTe,2Yq9kmjDSKLpCBa6OhrmeV
220,Barbie Girl,Aqua,1997-01-01,False,spotify:track:5ZrDlcxIDZyjOzHdYW1ydr,74,Lin,https://open.spotify.com/track/5ZrDlcxIDZyjOzHdYW1ydr,6kBjAFKyd0he7LiA5GQ3Gz
221,Deja Vu (Initial D),Tsuko G.,2017-05-20,False,spotify:track:3O3lPNMM2rCeog7dacQNbT,54,Lin,https://open.spotify.com/track/3O3lPNMM2rCeog7dacQNbT,72N7tHkeEBWSedHqPUGXhy
222,RUNNING IN THE 90'S,Max Coveri,1998-07-29,False,spotify:track:6DlPa2rrVK3BygXJ48WYo3,63,Lin,https://open.spotify.com/track/6DlPa2rrVK3BygXJ48WYo3,4aFf48VQYRT631OJGgVwUv
223,Gas Gas Gas (Initial D),Tsuko G.,2017-08-26,False,spotify:track:4yiGLfzCc2jdByeQ2PIHXA,47,Lin,https://open.spotify.com/track/4yiGLfzCc2jdByeQ2PIHXA,72N7tHkeEBWSedHqPUGXhy
224,"Tokyo Drift (Fast & Furious) - From ""The Fast And The Furious: Tokyo Drift"" Soundtrack",Teriyaki Boyz,2006-01-01,False,spotify:track:0upFohXrGxIIAjyaJmCkMU,69,Lin,https://open.spotify.com/track/0upFohXrGxIIAjyaJmCkMU,7HBai5xymOxIWoMWvWshe1
225,Señoras Bien,Las Bistecs,2016-09-01,True,spotify:track:0C60TsFeKSPCyTHolDUN0n,35,Ana S,https://open.spotify.com/track/0C60TsFeKSPCyTHolDUN0n,2CR3phISm4GRBJ8YtqV4bn
226,HDA (Historia del Arte),Las Bistecs,2016-09-01,True,spotify:track:1ViUKZsdEDsRKIdOic4DyQ,34,Ana S,https://open.spotify.com/track/1ViUKZsdEDsRKIdOic4DyQ,2CR3phISm4GRBJ8YtqV4bn
227,Macaulay Culkin,Ladilla Rusa,2018-02-23,False,spotify:track:2m7KdMP9MYXDlUOWD90r2A,43,Ana S,https://open.spotify.com/track/2m7KdMP9MYXDlUOWD90r2A,1JwhzFROpPDbDbstMTY7cF
228,Bebo (de bar en peor),Ladilla Rusa,2018-02-23,False,spotify:track:5yc4EoseQaxO7wo0wz1Qzh,36,Ana S,https://open.spotify.com/track/5yc4EoseQaxO7wo0wz1Qzh,1JwhzFROpPDbDbstMTY7cF
229,Just Can't Get Enough,Depeche Mode,1981-11-02,False,spotify:track:0qi4b1l0eT3jpzeNHeFXDT,71,Ana G,https://open.spotify.com/track/0qi4b1l0eT3jpzeNHeFXDT,762310PdDnwsDxAQxzQkfX
230,Los Coches Chocones,Los Desgraciaus,2013-11-04,False,spotify:track:3fDPalBAY0MzPaAm0a3NpL,40,Lin,https://open.spotify.com/track/3fDPalBAY0MzPaAm0a3NpL,3vYNaAhbefoQUhDu0VoyfT
231,Always on My Mind,Pet Shop Boys,1998-03-31,False,spotify:track:07ABETRdek3ACMpRPvQuaT,70,Ana G,https://open.spotify.com/track/07ABETRdek3ACMpRPvQuaT,2ycnb8Er79LoH2AsR5ldjh
232,Come As You Are,Nirvana,1991-09-26,False,spotify:track:2RsAajgo0g7bMCHxwH3Sk0,78,Ana G,https://open.spotify.com/track/2RsAajgo0g7bMCHxwH3Sk0,6olE6TJLqED3rqDCT0FyPh
233,Downtown,Petula Clark,2003-04-11,False,spotify:track:0ZQ6ckgerHYM5mOUxTl99Q,57,Ana G,https://open.spotify.com/track/0ZQ6ckgerHYM5mOUxTl99Q,6nKqt1nbSBEq3iUXD1Xgz8
234,"Non, je ne regrette rien",Édith Piaf,1987-10-31,False,spotify:track:3dkIE8P7hvl3tHl9KSb6dA,68,Ana G,https://open.spotify.com/track/3dkIE8P7hvl3tHl9KSb6dA,1WPcVNert9hn7mHsPKDn7j
235,Bound 2,Kanye West,2013-06-18,True,spotify:track:3sNVsP50132BTNlImLx70i,84,Ana S,https://open.spotify.com/track/3sNVsP50132BTNlImLx70i,5K4W6rqBFWDnAN6FQUkS6x
236,Lacrimosa,"['Wolfgang Amadeus Mozart', 'Lisa Beckley', 'Elena Filipova', 'Magdaléna Hajóssyová', 'Peter Mikulas', 'Michel Piquemal', 'Gloria Scalchi', 'Michel Piquemal Vocal Ensemble', 'Hungarian State Opera Chorus', 'Oxford Schola Cantorum', 'Slovak Philharmonic Chorus', 'Hungarian State Opera Orchestra', 'Orchestre De La Cite', 'Oxford Camerata', 'Slovak Philharmonic']",1999-04-26,False,spotify:track:1UvaZaHkh3D9AkmBrrnbFg,59,Brandon,https://open.spotify.com/track/1UvaZaHkh3D9AkmBrrnbFg,"['4NJhFmfw43RLBLjQvxDuRS', '1as94BCaGCiokfZjnS26MW', '0teBSkQ1Hp3Zw2rmfp1ZRT', '6HVRP4tBi40K1Cw1ZPkhtD', '59vBfT1r5y1VZ2XhXg2ixg', '3NbsF5A8yWeNRdypH3AeKB', '3jYv3ldYxV0I5HwUDNGzPo', '4cM1V4pK277kGJn2bqp3to', '0rSz4XGJJJMaBCXViWTDWc', '4n3fkOerBLaJCA9gRXcUMB', '5x7Kp2knfxL9XwzQmmHc6P', '6rLUj0kWUXAEbz26rtS9wO', '6vfolayguXSXvi0ixntvGU', '1r5Se2Ts0fmLzFreCTOy2I', '2rfkmr5WzRN9D9gAfb2ycd']"
237,Me Quedo Contigo,Los Chunguitos,1991,False,spotify:track:3ROd8cCRdRJpeh6P2zTAJk,50,Ana G,https://open.spotify.com/track/3ROd8cCRdRJpeh6P2zTAJk,5dRk8JyA2Tg9wL0iiTqbVu
238,Hay Quel Venir al Sur,Raffaella Carrà,2022-08-01,False,spotify:track:1C20XJTzDMGnO1puZMRO6F,38,Ana G,https://open.spotify.com/track/1C20XJTzDMGnO1puZMRO6F,6EVyI0S0b1Ld2nm37m5x85
239,Vivir Así Es Morir de Amor,Camilo Sesto,1978-01-02,False,spotify:track:3yzHIAzk3zVE1WgspS8W21,64,Ana G,https://open.spotify.com/track/3yzHIAzk3zVE1WgspS8W21,2Cy7KBSkqu7otJfuMTWT7Y
240,La Bomba,King Africa,2009-01-01,False,spotify:track:5UmGJS0jd1r52OjnNvVHvU,59,Lin,https://open.spotify.com/track/5UmGJS0jd1r52OjnNvVHvU,2vAu3qMgOvtukijgajuXhM
241,Baianá,Bakermat,2020-10-09,False,spotify:track:780be5fB7823aHG06mwTat,75,Brandon,https://open.spotify.com/track/780be5fB7823aHG06mwTat,3MyFDtqB80WZvbtCZRsekM
242,Gangsta's Paradise,"['Coolio', 'L.V.']",1995-11-07,False,spotify:track:1DIXPcTDzTj8ZMHt3PDt8p,86,Brandon,https://open.spotify.com/track/1DIXPcTDzTj8ZMHt3PDt8p,"['3y24n3XhZ96wgwRXjvS17T', '2LhsePRtgCo4THVKULQBL7']"
243,Espoir,Darius,2014-02-24,False,spotify:track:3hGc6zv9LgSxGrIlhFdfT6,54,,https://open.spotify.com/track/3hGc6zv9LgSxGrIlhFdfT6,5vfEaoOBcK0Lzr07WN8KaK
244,Ven,"['Moullinex', 'Ekstra Bonus']",2021-04-30,False,spotify:track:4wSLToYgmm6yCJnhQSM99f,27,,https://open.spotify.com/track/4wSLToYgmm6yCJnhQSM99f,"['1XFbnj1jNNzzyg46ni3dnr', '7HhjQ7M6KloGuoUB4ruvSq']"
245,Take a Chance - Satin Jackets Remix,"['Moullinex', 'Satin Jackets']",2015-06-29,False,spotify:track:2efA77BjFk3zvLjGmlOkXM,38,,https://open.spotify.com/track/2efA77BjFk3zvLjGmlOkXM,"['1XFbnj1jNNzzyg46ni3dnr', '5Gn7NoCZvbVlGgtZMILRcv']"
246,Oi,Catching Flies,2022-09-14,False,spotify:track:1q3Bh0X0zCczI7ewPQnmsg,46,,https://open.spotify.com/track/1q3Bh0X0zCczI7ewPQnmsg,4zAOqBfNLyWFvj1e3yvypJ
247,Ipanema,Funkmammoth,2017-07-24,False,spotify:track:6l8ZAqy48pBSGJtUikKNYr,46,,https://open.spotify.com/track/6l8ZAqy48pBSGJtUikKNYr,6snr2uV0JQDKLW9yWzRkPj
248,NEW DANCE,AYYBO,2022-11-28,False,spotify:track:0NCwA5clLTjO0xW6YkbQmq,51,,https://open.spotify.com/track/0NCwA5clLTjO0xW6YkbQmq,0YVquC9RaJLYFNmlJFzkTV
249,No Hablo Español,Riordan,2022-02-18,False,spotify:track:3Gy7fXkQBhOfjCxC4XlFaT,48,,https://open.spotify.com/track/3Gy7fXkQBhOfjCxC4XlFaT,68rU1sdZ0HjxjEC5YnSmao
250,All Of The Time,Jungle,2021-08-13,False,spotify:track:2ezQq2qWhGO6J6q5JwC50d,62,,https://open.spotify.com/track/2ezQq2qWhGO6J6q5JwC50d,59oA5WbbQvomJz2BuRG071
251,Domino,Myd,2022-06-09,False,spotify:track:4Kag7UC3ZCiEYJ0QYC2Mpk,42,,https://open.spotify.com/track/4Kag7UC3ZCiEYJ0QYC2Mpk,3QFiymmbJlVBPpnrOatEAk
252,I Made It - Picard Brothers version,"['Picard Brothers', 'Myd']",2022-10-07,False,spotify:track:4TncczqSEuuvuEg27NzutB,37,,https://open.spotify.com/track/4TncczqSEuuvuEg27NzutB,"['1bATQwgDSJlmYJ4obvTFmN', '3QFiymmbJlVBPpnrOatEAk']"
253,Marcha Nupcial,Felix Mendelssohn,2019-04-04,False,spotify:track:1HkHU43AS9KtKnFBc4zbgI,32,Lin,https://open.spotify.com/track/1HkHU43AS9KtKnFBc4zbgI,6MF58APd3YV72Ln2eVg710
254,Parado no Bailão,"['MC L da Vinte', 'MC Gury']",2018-07-23,False,spotify:track:3Hb9kUdm4yf839Fle4RIdT,82,Brandon,https://open.spotify.com/track/3Hb9kUdm4yf839Fle4RIdT,"['0lHB0Qc4pmD5RkTLlHeESo', '6fOyYqdh6p0ZWLs9zUDoyt']"
255,Canto do pescador,Olodum,1991,False,spotify:track:0iVHkCm4zGqO1ACZsgBchu,28,Brandon,https://open.spotify.com/track/0iVHkCm4zGqO1ACZsgBchu,3tJ9PkBOrG7hFkHeNM2tbw
256,As It Was,Harry Styles,2022-03-31,False,spotify:track:4LRPiXqCikLlN15c3yImP7,91,,https://open.spotify.com/track/4LRPiXqCikLlN15c3yImP7,6KImCVD70vtIoJWnq6nGn3
257,Don't Let Go,Supershy,2022-11-24,False,spotify:track:4s3xXkjGYSwI01zTp5f1by,59,,https://open.spotify.com/track/4s3xXkjGYSwI01zTp5f1by,2hk94pAZS1iYSqoICeTyh1
258,Loverini (feat. L'Impératrice),"['Myd', ""L'Impératrice""]",2021-06-18,False,spotify:track:6bBN2bbxAnCXWTwXaOkF0X,51,,https://open.spotify.com/track/6bBN2bbxAnCXWTwXaOkF0X,"['3QFiymmbJlVBPpnrOatEAk', '4PwlsrN0t5mLN0C827cbEU']"
259,Reflection,Riordan,2023-01-06,False,spotify:track:187rbl5lzKl8R7YqZoj2ku,52,,https://open.spotify.com/track/187rbl5lzKl8R7YqZoj2ku,68rU1sdZ0HjxjEC5YnSmao
260,"Renaissance (Main Title Theme) - from ""The White Lotus: Season 2""",Cristobal Tapia De Veer,2022-10-30,False,spotify:track:0qyssIlX3W388jWlzb6oln,50,,https://open.spotify.com/track/0qyssIlX3W388jWlzb6oln,3uUcdriXzvaQapjo3a4DZR
261,Blah Blah Blah,Armin van Buuren,2018-05-18,False,spotify:track:2xkrujtSjZz7EKAYGbIIzH,66,Brandon,https://open.spotify.com/track/2xkrujtSjZz7EKAYGbIIzH,0SfsnGyD8FpIN4U4WCkBZ5
262,Nyan Cat Theme,Nyan Cat,2014-12-01,False,spotify:track:5VOoT3AIIStTSN8cSMrSD4,39,Lin,https://open.spotify.com/track/5VOoT3AIIStTSN8cSMrSD4,6cVOyC3FEeSZVIHjw9IOhD
263,Cosmic Girl - Remastered,Jamiroquai,1996-09-09,False,spotify:track:6y0Etr2KJr0sdcEp7ajoUK,65,,https://open.spotify.com/track/6y0Etr2KJr0sdcEp7ajoUK,6J7biCazzYhU3gM9j1wfid
264,L'Air De Rien,Margaux Avril,2013-01-01,False,spotify:track:1DZFEj1H7eUTEcySevTkUq,24,,https://open.spotify.com/track/1DZFEj1H7eUTEcySevTkUq,4T3z2u4ZpoiTmhLpHw5Za1
265,Lalalove You,BB Brunes,2009-11-13,False,spotify:track:5JB4QJJQMltOaX1UbzPjGh,42,,https://open.spotify.com/track/5JB4QJJQMltOaX1UbzPjGh,4tHeypFR25Cnx83nuHhrud
266,This Love,Maroon 5,2002,False,spotify:track:6ECp64rv50XVz93WvxXMGF,78,,https://open.spotify.com/track/6ECp64rv50XVz93WvxXMGF,04gDigrS5kc9YWfZHwBETP
267,Future Starts Slow,The Kills,2011-04-04,False,spotify:track:0A0RBBTrgfq9eClnw6ZXT7,54,Ana,https://open.spotify.com/track/0A0RBBTrgfq9eClnw6ZXT7,5BYuBzqmTXwUDw2rYkwExr
268,Busy Earnin',Jungle,2014-07-14,False,spotify:track:7f7CxGj0kzfwT1SjciL3ft,63,Ana,https://open.spotify.com/track/7f7CxGj0kzfwT1SjciL3ft,59oA5WbbQvomJz2BuRG071
269,"Right Here, Right Now",Fatboy Slim,1998-10-19,False,spotify:track:0qnqsfFYgBo0sPHM2JmfTq,61,Ana,https://open.spotify.com/track/0qnqsfFYgBo0sPHM2JmfTq,4Y7tXHSEejGu1vQ9bwDdXW
270,Uprising,Muse,2009-09-10,False,spotify:track:4VqPOruhp5EdPBeR92t6lQ,75,Ana,https://open.spotify.com/track/4VqPOruhp5EdPBeR92t6lQ,12Chz98pHFMPJEknJQMWvI
271,Hallucinate,Dua Lipa,2020-03-27,False,spotify:track:1nYeVF5vIBxMxfPoL0SIWg,68,Ana,https://open.spotify.com/track/1nYeVF5vIBxMxfPoL0SIWg,6M2wZ9GZgrQXHCFfjv46we
272,"Holding Out for a Hero - From ""Footloose"" Soundtrack",Bonnie Tyler,1986-05-05,False,spotify:track:5Hyr47BBGpvOfcykSCcaw9,72,Ana,https://open.spotify.com/track/5Hyr47BBGpvOfcykSCcaw9,0SD4eZCN4Kr0wQk56hCdh2
273,Born To Love (feat. SHELLS),"['MEDUZA', 'SHELLS']",2020-02-14,False,spotify:track:7cX5H82DTZ5iHRLbewBEBd,57,Ana,https://open.spotify.com/track/7cX5H82DTZ5iHRLbewBEBd,"['0xRXCcSX89eobfrshSVdyu', '1ZwuShKjJItDJez0aDCsxN']"
274,A.D.H.D,Kendrick Lamar,2011-07-02,True,spotify:track:2Fw5S2gaOSZzdN5dFoC2dj,71,Ana S,https://open.spotify.com/track/2Fw5S2gaOSZzdN5dFoC2dj,2YZyLoL8N0Wb9xBt1NhZWg
275,We Don't Talk Anymore (feat. Selena Gomez),"['Charlie Puth', 'Selena Gomez']",2016-01-29,False,spotify:track:06KyNuuMOX1ROXRhj787tj,80,Lin,https://open.spotify.com/track/06KyNuuMOX1ROXRhj787tj,"['6VuMaDnrHyPL1p4EHjYLi7', '0C8ZW7ezQVs4URX5aX7Kqx']"
276,Hotto Dogu,Heiakim,2018-08-18,False,spotify:track:0YCRJcAXQ3NSfKN1x1IXK3,30,Lin,https://open.spotify.com/track/0YCRJcAXQ3NSfKN1x1IXK3,7CSdLmKke7VFyb0ZJfl3W1
277,Opa Yo Viaze Un Corra,El Koala,2006,False,spotify:track:29xwXTI483gmpvr6pKSag0,42,Lin,https://open.spotify.com/track/29xwXTI483gmpvr6pKSag0,5Pd2btNBQXL9iqyPRZ0eSR
278,Monster,Skillet,2009-08-21,False,spotify:track:2UREu1Y8CO4jXkbvqAtP7g,76,Lin,https://open.spotify.com/track/2UREu1Y8CO4jXkbvqAtP7g,49bzE5vRBRIota4qeHtQM8
279,Feel Invincible,Skillet,2016-08-05,False,spotify:track:0i8JFpqe9cKwnrcvoNgl1L,72,Lin,https://open.spotify.com/track/0i8JFpqe9cKwnrcvoNgl1L,49bzE5vRBRIota4qeHtQM8
280,New Heroes,TEN,2018-04-06,False,spotify:track:01EzeKKYrGoYtPsI7pSZeL,48,Lin,https://open.spotify.com/track/01EzeKKYrGoYtPsI7pSZeL,3Q5Qep7ytrjVleNnMnntgQ
281,One of Those Nights,"['KEY', 'Crush']",2018-11-26,False,spotify:track:2OsH4MtKPVeI8w9sFBLEvZ,48,Lin,https://open.spotify.com/track/2OsH4MtKPVeI8w9sFBLEvZ,"['6XXKPxRX2WWPPtfodzpc2v', '6aLdhHUqgdKE86xbtNmY8g']"
282,Energetic,Wanna One,2017-11-13,False,spotify:track:3NkkcnnKrNHv4AiGaPdD76,60,Lin,https://open.spotify.com/track/3NkkcnnKrNHv4AiGaPdD76,2CvaqAMMsX576VBehaJ0Wx
283,End of the Night (feat. Doubleboy),"['Robert Parker', 'Doubleboy']",2018-04-27,False,spotify:track:59q31baYiGMndSq261KEkq,40,Lin,https://open.spotify.com/track/59q31baYiGMndSq261KEkq,"['0eEcbHGsAvOTCZzF5pg8GD', '5pW7z7jKT6YI37HP8lHWAJ']"
284,A Light in the Dark,"['Robert Parker', 'Doubleboy']",2020-06-01,False,spotify:track:0E43ZA6jJLHShJA0vDDPyI,28,Lin,https://open.spotify.com/track/0E43ZA6jJLHShJA0vDDPyI,"['0eEcbHGsAvOTCZzF5pg8GD', '5pW7z7jKT6YI37HP8lHWAJ']"
285,U Got That,Halogen,2019-09-09,False,spotify:track:55gKq9bOAPRAcOQInZ76tH,58,Lin,https://open.spotify.com/track/55gKq9bOAPRAcOQInZ76tH,0Za5KjrhmN4OYMr04f3g1e
286,Lucky Strike,Maroon 5,2012-01-01,False,spotify:track:4rpzPAbwJboZQw2p9T5T3f,59,Lin,https://open.spotify.com/track/4rpzPAbwJboZQw2p9T5T3f,04gDigrS5kc9YWfZHwBETP
287,Boulevard of Broken Dreams,Green Day,2004,True,spotify:track:1hwJKpe0BPUsq6UUrwBWTw,72,Lin,https://open.spotify.com/track/1hwJKpe0BPUsq6UUrwBWTw,7oPftvlwr6VrsViSDV7fJY
288,High Hopes,Panic! At The Disco,2018-06-22,False,spotify:track:1rqqCSm0Qe4I9rUvWncaom,80,Lin,https://open.spotify.com/track/1rqqCSm0Qe4I9rUvWncaom,20JZFwl6HVl6yg8a4H3ZqK
289,Before I Forget,Slipknot,2004,False,spotify:track:6wqJeItl3Vc3az4ZicSQAB,75,Lin,https://open.spotify.com/track/6wqJeItl3Vc3az4ZicSQAB,05fG473iIaoy82BF1aGhL8
290,Circles - Original,KDrew,2012-10-17,False,spotify:track:6zDwrk0h49oE3RYNGZ822v,45,Lin,https://open.spotify.com/track/6zDwrk0h49oE3RYNGZ822v,1DLsogyGi0pwPtwV78D8uZ
291,Bullseye,KDrew,2012-02-01,False,spotify:track:3mYP2JXlrv2iLyU8GIAszA,47,Lin,https://open.spotify.com/track/3mYP2JXlrv2iLyU8GIAszA,1DLsogyGi0pwPtwV78D8uZ
292,Scary Monsters and Nice Sprites,Skrillex,2010-12-21,False,spotify:track:5q8oybjZelukF4h0CzSUN9,55,Lin,https://open.spotify.com/track/5q8oybjZelukF4h0CzSUN9,5he5w2lnU9x7JFhnwcekXX
293,Clarity,"['Zedd', 'Foxes']",2012-01-01,False,spotify:track:60wwxj6Dd9NJlirf84wr2c,74,Lin,https://open.spotify.com/track/60wwxj6Dd9NJlirf84wr2c,"['2qxJFvFYMEDqd7ui6kSAcq', '7qRll6DYV06u2VuRPAVqug']"
294,Stay,"['Zedd', 'Alessia Cara']",2017-02-23,False,spotify:track:6uBhi9gBXWjanegOb2Phh0,74,Lin,https://open.spotify.com/track/6uBhi9gBXWjanegOb2Phh0,"['2qxJFvFYMEDqd7ui6kSAcq', '2wUjUUtkb5lvLKcGKsKqsR']"
295,Daft Punk,Pentatonix,2013-11-05,False,spotify:track:6ukvsBzq4d1vBsAUmz7ZVt,56,Lin,https://open.spotify.com/track/6ukvsBzq4d1vBsAUmz7ZVt,26AHtbjWKiwYzsoGoUZq53
296,Love Again,Pentatonix,2013-11-05,False,spotify:track:0vcyzDe6aoYTg6jM0U0T9r,45,Lin,https://open.spotify.com/track/0vcyzDe6aoYTg6jM0U0T9r,26AHtbjWKiwYzsoGoUZq53
297,Perfume Medley,Pentatonix,2016-08-24,False,spotify:track:1xkleV8ZJon6FNhFSJZDNq,31,Lin,https://open.spotify.com/track/1xkleV8ZJon6FNhFSJZDNq,26AHtbjWKiwYzsoGoUZq53
298,Fire To The Fuse,"['League of Legends', 'Jackson Wang', '88rising']",2022-11-05,False,spotify:track:6yK2AGL6oamq6FP8iqmOBw,69,Lin,https://open.spotify.com/track/6yK2AGL6oamq6FP8iqmOBw,"['47mIJdHORyRerp4os813jD', '1kfWoWgCugPkyxQP8lkRlY', '1AhjOkOLkbHUfcHDSErXQs']"
299,100 Ways,Jackson Wang,2020-03-20,False,spotify:track:4mQMvcRtQou5yI8mjuJ1lf,62,Lin,https://open.spotify.com/track/4mQMvcRtQou5yI8mjuJ1lf,1kfWoWgCugPkyxQP8lkRlY
300,As You Like,"['SEGA SOUND TEAM', '吉田 沙織', '美緒']",2015-03-18,False,spotify:track:03VWoSbfWvZhRF5HXOxgX8,34,Lin,https://open.spotify.com/track/03VWoSbfWvZhRF5HXOxgX8,"['4ShgdWtm52xvEr8uYmT0V6', '57wo2Em3UktCMqpCRK5pFv', '59OrirVzqqGU63UES7pKde']"
301,Bakamitai - Taxi Driver Edition,桐生一馬(黒田崇矢),2020-01-16,False,spotify:track:4xXu9UO2qdBotUOfqru2UC,58,Lin,https://open.spotify.com/track/4xXu9UO2qdBotUOfqru2UC,7C0PO4A4azl0xFMrE1EVDp
302,一番歌,"['Shonan No Kaze', 'Yasutaka Nakata']",2020-01-09,False,spotify:track:3KpKnheFsY52KFOSsLAk3C,40,Lin,https://open.spotify.com/track/3KpKnheFsY52KFOSsLAk3C,"['70x6gPIjIhWtxjczooKl3p', '2qNI3aGlywRzTkRBOy9YzG']"
303,Stay Tonight,"['Gammer', 'Dylan Matthew']",2017-10-18,False,spotify:track:0BVtORAIv7uib3ivJHpx2h,24,Lin,https://open.spotify.com/track/0BVtORAIv7uib3ivJHpx2h,"['5nd7jnne7zbsV2J5jBKNOY', '6d0ZjIp5L7Ygy2l02HskRX']"
304,Too Close,Prismo,2017-10-16,False,spotify:track:1MhWIYwoOZM8SWDKzdNrrL,46,Lin,https://open.spotify.com/track/1MhWIYwoOZM8SWDKzdNrrL,23ostNBoB9z6GMXLtHdg7y
305,Fading Away,Fivefold,2012-05-12,False,spotify:track:1FVqjM971hyoI7GqoiBE5d,42,Lin,https://open.spotify.com/track/1FVqjM971hyoI7GqoiBE5d,2VVZQODxIpxa5k3jej4J7J
306,Shelter,"['Porter Robinson', 'Madeon']",2016-08-12,False,spotify:track:2CgOd0Lj5MuvOqzqdaAXtS,64,Lin,https://open.spotify.com/track/2CgOd0Lj5MuvOqzqdaAXtS,"['3dz0NnIZhtKKeXZxLOxCam', '4pb4rqWSoGUgxm63xmJ8xc']"
307,PPAP (Pen-Pineapple-Apple-Pen) - Long Version,PIKOTARO,2016-10-28,False,spotify:track:1Xq1fe5v8YF1wI7oXuCAAH,42,Lin,https://open.spotify.com/track/1Xq1fe5v8YF1wI7oXuCAAH,37GBT1Lhfc2sgq4jZIt6n2
308,Sweet Dream,"['Yoon Mirae', 'Tiger JK', 'Bizzy (MFBTY)']",2013-01-21,False,spotify:track:21YDhYojd097X7VFxtPEZ2,18,Lin,https://open.spotify.com/track/21YDhYojd097X7VFxtPEZ2,"['1Do4bSzfUl0KWL9r1fITu0', '11S00dFcvNvJahis8MTGMD', '1huxTi6mkI135cfXFgxGup']"
309,Emoji VIP,Pegboard Nerds,2015-12-08,False,spotify:track:1qxXisQwDMpPfD7tCdxumA,36,Lin,https://open.spotify.com/track/1qxXisQwDMpPfD7tCdxumA,0lLY20XpZ9yDobkbHI7u1y
310,Save Me,BTS,2016-05-02,False,spotify:track:7bxGcILuAjkZzaveU28ZJS,70,Lin,https://open.spotify.com/track/7bxGcILuAjkZzaveU28ZJS,3Nrfpe0tUJi4K4DXYWgMUX
311,PLAY,Tokyo Machine,2019-02-28,False,spotify:track:1fRadkuwHEqwMuiY5ns15C,54,Lin,https://open.spotify.com/track/1fRadkuwHEqwMuiY5ns15C,3bwENxqj9nhaAI3fsAwmv9
312,OKAY,Tokyo Machine,2016-08-22,False,spotify:track:4rsVVLYwToXshGQEH09W4v,29,Lin,https://open.spotify.com/track/4rsVVLYwToXshGQEH09W4v,3bwENxqj9nhaAI3fsAwmv9
313,Hollywood Horror,Dropout,2016-03-20,False,spotify:track:4JPrZ70BZAB2wSPTrTr5fd,33,Lin,https://open.spotify.com/track/4JPrZ70BZAB2wSPTrTr5fd,4i3rHxf0hIOVLaXsvSaaRP
314,"For River (From ""To The Moon"")",Michael Tai,2016-06-15,False,spotify:track:47t1wQmSNFtxSEfTtE43V7,33,Lin,https://open.spotify.com/track/47t1wQmSNFtxSEfTtE43V7,5NLlq8IzOUuqDYGPxoPkSC
315,Last Train to Paradise - Original,KDrew,2012-06-14,False,spotify:track:4ztZvwTxlsMC6HjqvLG63u,34,Lin,https://open.spotify.com/track/4ztZvwTxlsMC6HjqvLG63u,1DLsogyGi0pwPtwV78D8uZ
316,A Sky Full of Stars,Coldplay,2014-05-19,False,spotify:track:0FDzzruyVECATHXKHFs9eJ,82,Lin,https://open.spotify.com/track/0FDzzruyVECATHXKHFs9eJ,4gzpq5DPGxSnKTe4SA8HAU
317,Witchcraft,Pendulum,2010-05-21,False,spotify:track:4Y2glvLjQGOb4dXnwm1hQf,59,Lin,https://open.spotify.com/track/4Y2glvLjQGOb4dXnwm1hQf,7MqnCTCAX6SsIYYdJCQj9B
318,All of Me,John Legend,2013-08-30,False,spotify:track:3U4isOIWM3VvDubwSI3y7a,84,Lin,https://open.spotify.com/track/3U4isOIWM3VvDubwSI3y7a,5y2Xq6xcjJb2jVM54GHK3t
